routeLabel,filterKey,routeKind,safeRowCount,minSafeRows,blockedRowCount,productionLeakCount,autoGradedLeakCount,functionCoverage,registerCoverage,sampleItemIds,blockedItemIds,verdict,notes
Mixed Redemittel,mixed,auto_graded,83,10,7,0,0,application|appointment|complaint|email|illness/absence|polite request|request,formal email|neutral|polite|polite/formal,b1_redemittel_001|b1_redemittel_002|b1_redemittel_003|b1_redemittel_004|b1_redemittel_005|b1_redemittel_006|b1_redemittel_007|b1_redemittel_008,b1_redemittel_084|b1_redemittel_085|b1_redemittel_086|b1_redemittel_087|b1_redemittel_088|b1_redemittel_089|b1_redemittel_090,PASS,
Formal Email,formal_email,auto_graded,15,6,0,0,0,email,formal email,b1_redemittel_001|b1_redemittel_002|b1_redemittel_003|b1_redemittel_004|b1_redemittel_005|b1_redemittel_006|b1_redemittel_007|b1_redemittel_008,,PASS,
Appointment,appointment,auto_graded,12,6,0,0,0,appointment,neutral,b1_redemittel_016|b1_redemittel_017|b1_redemittel_018|b1_redemittel_019|b1_redemittel_020|b1_redemittel_021|b1_redemittel_022|b1_redemittel_023,,PASS,
Request,request,auto_graded,12,6,0,0,0,request,polite,b1_redemittel_028|b1_redemittel_029|b1_redemittel_030|b1_redemittel_031|b1_redemittel_032|b1_redemittel_033|b1_redemittel_034|b1_redemittel_035,,PASS,
Complaint,complaint,auto_graded,12,6,0,0,0,complaint,neutral,b1_redemittel_040|b1_redemittel_041|b1_redemittel_042|b1_redemittel_043|b1_redemittel_044|b1_redemittel_045|b1_redemittel_046|b1_redemittel_047,,PASS,
Application,application,auto_graded,12,6,0,0,0,application,neutral,b1_redemittel_052|b1_redemittel_053|b1_redemittel_054|b1_redemittel_055|b1_redemittel_056|b1_redemittel_057|b1_redemittel_058|b1_redemittel_059,,PASS,
Illness / Absence,illness_absence,auto_graded,10,5,0,0,0,illness/absence,neutral,b1_redemittel_064|b1_redemittel_065|b1_redemittel_066|b1_redemittel_067|b1_redemittel_068|b1_redemittel_069|b1_redemittel_070|b1_redemittel_071,,PASS,
Polite Requests,polite_requests,auto_graded,10,5,0,0,0,polite request,polite/formal,b1_redemittel_074|b1_redemittel_075|b1_redemittel_076|b1_redemittel_077|b1_redemittel_078|b1_redemittel_079|b1_redemittel_080|b1_redemittel_081,,PASS,
Self-marked Production,production,production,7,1,0,0,0,production,formal|neutral|polite,b1_redemittel_084|b1_redemittel_085|b1_redemittel_086|b1_redemittel_087|b1_redemittel_088|b1_redemittel_089|b1_redemittel_090,,PASS,
